LOT_KEY	FORMULA_KEY	LOT_NUMBER	DSTRCT_CD	VDOT_JOB_MIX	MIX_TYPE_NAME	DSTRCT_NM
147970	48540	2	03	3007-2024-42 BMD P+VO	SM-9.5A (BMD P + VO)	LYNCHBURG
146653	48132	2	04	4062-2424 BMD	SM-9.5A (BMD P + VO)	RICHMOND
147924	48214	202401	02	2068-2024-443	SM-9.5D (BMD P + VO)	SALEM
147922	48198	202403	06	6011-2024-32 WM BMD	SM-12.5D (BMD P + VO)	FREDERICKSBURG
147830	48213	202406	02	2068-2024-433	SM-9.5A (BMD P + VO)	SALEM
147795	48348	1	04	4053-2424 BMD	SM-9.5A (BMD P + VO)	RICHMOND
146552	47566	1	08	8015-2024-58H	SM-9.5AL (50 gyrations)	STAUNTON
147919	47475	202402	03	3015-2024-45	SM-9.5A (50 gyration)	LYNCHBURG
147905	48540	1	03	3007-2024-42 BMD P+VO	SM-9.5A (BMD P + VO)	LYNCHBURG
146210	46985	1	08	8014-2024-5100	SM-9.5AL (50 gyrations)	STAUNTON
147899	47946	202401	01	1048-2024-72	SM-19.0A (50)	BRISTOL
147965	48189	2	03	3020-2024-333 BMD P+VO	SM-12.5D (BMD P + VO)	LYNCHBURG
146677	48012	202401	06	6041-2024-24 WM BMD	SM-9.5A (BMD P + VO)	FREDERICKSBURG
147958	48534	1	03	3007-2024-33	SM-12.5D (50 gyration)	LYNCHBURG
146388	48130	202401	02	2012-2024-163	SM-9.5AL (50 gyrations)	SALEM
147909	48189	1	03	3020-2024-333 BMD P+VO	SM-12.5D (BMD P + VO)	LYNCHBURG
147937	47822	202403	07	7034-2024-36 (BMD P+VO)	SM-12.5D (BMD P + VO)	CULPEPER
146497	48395	1	04	4065-24924	SM-9.5A (50 gyration)	RICHMOND
147957	46834	202416	09	9027-2024-80WM	SM-9.5D (50 gyration)	NORTHERN VIRGINIA
146483	47318	1	04	4043-2425 BMD	SM-9.5D (BMD P + VO)	RICHMOND
147877	48298	1	04	4053-2432 BMD	SM-12.5D (BMD P + VO)	RICHMOND
147936	48061	202403	06	6007-2024-33 WM	SM-12.5E (50 gyration)	FREDERICKSBURG
147920	48520	202403	07	7017-2024-36R (BMD P+VO)	SM-12.5D (BMD P + VO)	CULPEPER
147926	47023	3	04	4009-2433	SM-12.5E (50 gyration)	RICHMOND
147953	47052	1	05	5044-2024-32	SM-12.5D (50 gyration)	HAMPTON ROADS
146066	46887	202401	09	9011-2024-78WM	SM-9.5A (50 gyration)	NORTHERN VIRGINIA
146347	47654	1	08	8060-2024-31	SM-9.5A (50 gyration)	STAUNTON
146503	47265	1	04	4052-24925 BMD	SM-9.5D (BMD P + VO)	RICHMOND
146743	48047	202401	09	9002-2024-95ABMD	SM-9.5A (BMD P + VO)	NORTHERN VIRGINIA
146449	47087	1	04	4052-24932	SM-12.5D (50 gyration)	RICHMOND
147934	47910	202401	06	6007-2024-32 WM BMD	SM-12.5D (BMD P + VO)	FREDERICKSBURG
147880	47726	202406	02	2065-2024-433	SM-9.5A (BMD P + VO)	SALEM
146647	47766	202401	06	6011-2024-31 WM	SM-12.5A (50 gyration)	FREDERICKSBURG
147910	47746	9	04	4062-2432 BMD	SM-12.5D (BMD P + VO)	RICHMOND
147792	48049	202404	02	2009-2024-433	SM-9.5A (BMD P + VO)	SALEM
147948	47069	1	08	8054-2024-158	SM-9.5AL (BMD P+ VO)	STAUNTON
147942	48359	3	05	5046-2024-32BMD	SM-12.5D (BMD P + VO)	HAMPTON ROADS
147788	48111	1	08	8040-2024-53	SM-9.5AL (50 gyrations)	STAUNTON
146750	47509	2	04	4015-2433	SM-12.5E (50 gyration)	RICHMOND
147802	47077	1	08	8058-2024-5725 BMD	SM-12.5A (BMD P + VO)	STAUNTON
147843	47728	202406	02	2025-2024-433	SM-9.5A (BMD P + VO)	SALEM
147878	48305	3	04	4056-24932 BMD	SM-12.5D (BMD P + VO)	RICHMOND
147906	46988	1	08	8045-2024-157	SM-12.5A (BMD P + VO)	STAUNTON
147945	47676	202402	02	2069-2024-244	SM-19.0D (50)	SALEM
147947	48560	202401	09	9038-2024-195ABMD	SM-9.5A (BMD P + VO)	NORTHERN VIRGINIA
147949	48561	202401	09	9038-2024-195DBMD	SM-9.5D (BMD P + VO)	NORTHERN VIRGINIA
147954	47728	202407	02	2025-2024-433	SM-9.5A (BMD P + VO)	SALEM
147955	47509	3	04	4015-2433	SM-12.5E (50 gyration)	RICHMOND
146317	46935	202401	09	9010-2024-78WM	SM-9.5A (50 gyration)	NORTHERN VIRGINIA
147827	48283	3	05	5009-2024-32BMD	SM-12.5A (BMD P + VO)	HAMPTON ROADS
147956	48283	4	05	5009-2024-32BMD	SM-12.5A (BMD P + VO)	HAMPTON ROADS
146206	47015	1	04	4009-2424	SM-9.5A (50 gyration)	RICHMOND
146216	47258	202401	09	9013-2024-78WM	SM-9.5A (50 gyration)	NORTHERN VIRGINIA
146620	47793	202401	07	7024-2024-22 (BMD P+VO)	SM-9.5A (BMD P + VO)	CULPEPER
147914	46834	202415	09	9027-2024-80WM	SM-9.5D (50 gyration)	NORTHERN VIRGINIA
147938	47827	202403	09	9064-2024-95DBMD	SM-9.5D (BMD P + VO)	NORTHERN VIRGINIA
147798	47074	2	04	4043-2432 BMD	SM-12.5D (BMD P + VO)	RICHMOND
147835	47827	202402	09	9064-2024-95DBMD	SM-9.5D (BMD P + VO)	NORTHERN VIRGINIA
147876	48061	202402	06	6007-2024-33 WM	SM-12.5E (50 gyration)	FREDERICKSBURG
146681	47548	1	05	5004-2024-03WM	SM-12.5A (50 gyration)	HAMPTON ROADS
146390	47411	1	08	8051-2024-50H	SM-9.5AL (50 gyrations)	STAUNTON
147932	47897	202403	01	1073-2024-38	SM-12.5E (50 gyration)	BRISTOL
147902	47219	2	08	8012-2024-71	SM-9.5A (50 gyration)	STAUNTON
147901	48048	202402	09	9002-2024-95DBMD	SM-9.5D (BMD P + VO)	NORTHERN VIRGINIA
146580	47374	1	03	3022-2024-42	SM-9.5A (50 gyration)	LYNCHBURG
146225	47855	1	03	3007-2024-42	SM-9.5A (50 gyration)	LYNCHBURG
147890	47027	3	04	4052-24918	SM-9.0A (50 gyration)	RICHMOND
147873	48359	2	05	5046-2024-32BMD	SM-12.5D (BMD P + VO)	HAMPTON ROADS
146205	47332	202402	02	2066-2024-161	SM-9.5AL (50 gyrations)	SALEM
146304	47575	202402	09	9038-2024-95DBMD	SM-9.5D (BMD P + VO)	NORTHERN VIRGINIA
146368	48066	202401	02	2025-2024-163	SM-9.5AL (BMD P+ VO)	SALEM
146480	47676	202401	02	2069-2024-244	SM-19.0D (50)	SALEM
146494	47410	202401	02	2012-2024-443	SM-9.5D (BMD P + VO)	SALEM
146556	47433	1	04	4055-2424	SM-9.5A (50 gyration)	RICHMOND
146699	47252	202401	01	1037-2024-72	SM-19.0A (50)	BRISTOL
146774	48081	1	03	3020-2024-242	SM-9.5A (50 gyration)	LYNCHBURG
147900	47822	202402	07	7034-2024-36 (BMD P+VO)	SM-12.5D (BMD P + VO)	CULPEPER
147917	47569	202407	09	9005-2024-95ABMD	SM-9.5A (BMD P + VO)	NORTHERN VIRGINIA
146768	48175	202403	07	7016-2024-23 (BMD P +VO)	SM-9.5A (BMD P + VO)	CULPEPER
147857	47897	202402	01	1073-2024-38	SM-12.5E (50 gyration)	BRISTOL
147898	48110	202403	07	7004-2024-23 BMD (P+VO)	SM-9.5A (BMD P + VO)	CULPEPER
146059	46833	202401	09	9027-2024-78WM	SM-9.5A (50 gyration)	NORTHERN VIRGINIA
147888	48042	202401	01	1086-2024-38	SM-12.5E (50 gyration)	BRISTOL
146658	46900	202401	06	6018-2024-33	SM-12.5E (50 gyration)	FREDERICKSBURG
146439	46938	2	08	8052-2024-152	SM-12.5D (BMD P + VO)	STAUNTON
147823	47023	2	04	4009-2433	SM-12.5E (50 gyration)	RICHMOND
147884	48542	202401	02	2009-2024-143	SM-9.5D (50 gyration)	SALEM
146260	46822	202401	09	9002-2024-78WM	SM-9.5A (50 gyration)	NORTHERN VIRGINIA
146538	48244	1	05	5044-2024-24	SM-9.5A (50 gyration)	HAMPTON ROADS
146472	47475	202401	03	3015-2024-45	SM-9.5A (50 gyration)	LYNCHBURG
147853	48198	202402	06	6011-2024-32 WM BMD	SM-12.5D (BMD P + VO)	FREDERICKSBURG
146108	47031	1	04	4044-2424-1	SM-9.5A (50 gyration)	RICHMOND
147887	47569	202406	09	9005-2024-95ABMD	SM-9.5A (BMD P + VO)	NORTHERN VIRGINIA
147885	47820	202408	09	9035-2024-95ABMD	SM-9.5A (BMD P + VO)	NORTHERN VIRGINIA
146130	47689	202401	06	6022-2024-24 WM	SM-9.5A (50 gyration)	FREDERICKSBURG
146509	48313	202401	02	2018-2024-163	SM-9.5AL (BMD P+ VO)	SALEM
146767	47828	202406	09	9013-2024-95ABMD	SM-9.5A (BMD P + VO)	NORTHERN VIRGINIA
147855	48520	202402	07	7017-2024-36R (BMD P+VO)	SM-12.5D (BMD P + VO)	CULPEPER
147796	48475	202401	02	2065-2024-202	SM-12.5E (50 gyration)	SALEM
147925	48553	1	04	4063-2424 BMD	SM-9.5A (BMD P + VO)	RICHMOND
146437	47219	1	08	8012-2024-71	SM-9.5A (50 gyration)	STAUNTON
147820	48048	202401	09	9002-2024-95DBMD	SM-9.5D (BMD P + VO)	NORTHERN VIRGINIA
147809	47746	8	04	4062-2432 BMD	SM-12.5D (BMD P + VO)	RICHMOND
146175	47137	1	04	4052-24924	SM-9.5A (50 gyration)	RICHMOND
146546	48110	202402	07	7004-2024-23 BMD (P+VO)	SM-9.5A (BMD P + VO)	CULPEPER
147891	47682	1	05	5004-2024-01WM	SM-9.5A (50 gyration)	HAMPTON ROADS
147871	47041	1	08	8039-2024-5725 BMD	SM-12.5AL (BMD P + VO)	STAUNTON
146211	47561	1	04	4056-24924	SM-9.5A (50 gyration)	RICHMOND
146468	47465	1	08	8053-2024-50H	SM-9.5AL (50 gyrations)	STAUNTON
147850	47933	202401	01	1075-2024-72	SM-19.0A (50)	BRISTOL
147781	47894	202401	01	1073-2024-27	SM-12.5A (50 gyration)	BRISTOL
147870	46834	202414	09	9027-2024-80WM	SM-9.5D (50 gyration)	NORTHERN VIRGINIA
146707	47679	1	05	5008-2024-01WM	SM-9.5A (50 gyration)	HAMPTON ROADS
147881	47322	1	05	5029-2024-01	SM-9.5A (50 gyration)	HAMPTON ROADS
146496	48191	202401	02	2002-2024-443	SM-9.5D (BMD P + VO)	SALEM
146593	48378	202401	03	3008-2024-33	SM-12.5D (50 gyration)	LYNCHBURG
146734	47027	2	04	4052-24918	SM-9.0A (50 gyration)	RICHMOND
146362	47463	202401	09	9038-2024-02WM	SM-9.0A (50 gyration)	NORTHERN VIRGINIA
147786	47569	202405	09	9005-2024-95ABMD	SM-9.5A (BMD P + VO)	NORTHERN VIRGINIA
147848	47822	202401	07	7034-2024-36 (BMD P+VO)	SM-12.5D (BMD P + VO)	CULPEPER
147895	47463	202402	09	9038-2024-02WM	SM-9.0A (50 gyration)	NORTHERN VIRGINIA
147832	47907	202401	06	6007-2024-31 WM BMD	SM-12.5A (BMD P + VO)	FREDERICKSBURG
147865	46987	4	08	8045-2024-158	SM-12.5D (BMD P + VO)	STAUNTON
147836	48061	202401	06	6007-2024-33 WM	SM-12.5E (50 gyration)	FREDERICKSBURG
146722	47476	202401	03	3015-2024-51	SM-9.5D (50 gyration)	LYNCHBURG
146491	47620	1	08	8015-2024-58	SM-9.5AL (50 gyrations)	STAUNTON
146109	47573	1	04	4044-2433-1	SM-12.5E (50 gyration)	RICHMOND
147782	47726	202405	02	2065-2024-433	SM-9.5A (BMD P + VO)	SALEM
146698	48359	1	05	5046-2024-32BMD	SM-12.5D (BMD P + VO)	HAMPTON ROADS
147777	47820	202407	09	9035-2024-95ABMD	SM-9.5A (BMD P + VO)	NORTHERN VIRGINIA
146187	47563	1	04	4056-24931	SM-12.5A (50 gyration)	RICHMOND
146355	48080	1	03	3020-2024-33	SM-12.5D (50 gyration)	LYNCHBURG
146495	47530	202401	09	9005-2024-02WM	SM-9.0A (50 gyration)	NORTHERN VIRGINIA
146678	47512	2	04	4015-2425	SM-9.5D (50 gyration)	RICHMOND
146772	47677	202401	02	2024-2024-243	SM-19.0D (50)	SALEM
147783	48305	2	04	4056-24932 BMD	SM-12.5D (BMD P + VO)	RICHMOND
147821	47508	2	04	4015-2432	SM-12.5D (50 gyration)	RICHMOND
147824	47574	202410	09	9038-2024-95ABMD	SM-9.5A (BMD P + VO)	NORTHERN VIRGINIA
147826	48527	1	03	3020-2024-42 BMD P+VO	SM-9.5A (BMD P + VO)	LYNCHBURG
147879	47574	202411	09	9038-2024-95ABMD	SM-9.5A (BMD P + VO)	NORTHERN VIRGINIA
147869	47745	8	05	5044-2024-32WM	SM-12.5D (50 gyration)	HAMPTON ROADS
147811	47745	7	05	5044-2024-32WM	SM-12.5D (50 gyration)	HAMPTON ROADS
147845	47885	202403	09	9062-2024-95DBMD	SM-9.5D (BMD P + VO)	NORTHERN VIRGINIA
146277	48176	202401	07	7016-2024-26 (BMD P+VO)	SM-9.5D (BMD P + VO)	CULPEPER
147804	46987	3	08	8045-2024-158	SM-12.5D (BMD P + VO)	STAUNTON
147834	46834	202413	09	9027-2024-80WM	SM-9.5D (50 gyration)	NORTHERN VIRGINIA
147790	48198	202401	06	6011-2024-32 WM BMD	SM-12.5D (BMD P + VO)	FREDERICKSBURG
147784	47897	202401	01	1073-2024-38	SM-12.5E (50 gyration)	BRISTOL
146387	46888	202401	09	9011-2024-80WM	SM-9.5D (50 gyration)	NORTHERN VIRGINIA
147793	48520	202401	07	7017-2024-36R (BMD P+VO)	SM-12.5D (BMD P + VO)	CULPEPER
147794	47405	202401	02	2016-2024-143	SM-9.5D (50 gyration)	SALEM
146281	47718	3	04	4054-24924 BMD	SM-9.5A (BMD P + VO)	RICHMOND
146650	48033	202408	09	9007-2024-95ABMD	SM-9.5A (BMD P + VO)	NORTHERN VIRGINIA
147800	46959	1	08	8039-2024-5225 BMD	SM-9.5A (BMD P + VO)	STAUNTON
146730	47728	202405	02	2025-2024-433	SM-9.5A (BMD P + VO)	SALEM
147778	47885	202402	09	9062-2024-95DBMD	SM-9.5D (BMD P + VO)	NORTHERN VIRGINIA
147791	47827	202401	09	9064-2024-95DBMD	SM-9.5D (BMD P + VO)	NORTHERN VIRGINIA
146766	48213	202405	02	2068-2024-433	SM-9.5A (BMD P + VO)	SALEM
147862	46949	202401	09	9036-2024-80	SM-9.5D (50 gyration)	NORTHERN VIRGINIA
147908	47693	1	04	4054-2432 BMD	SM-12.5D (BMD P + VO)	RICHMOND
146641	48190	202401	02	2002-2024-433	SM-9.5A (BMD P + VO)	SALEM
147814	48507	3	04	4063-2432 BMD	SM-12.5D (BMD P + VO)	RICHMOND
146434	47826	202401	09	9064-2024-95ABMD	SM-9.5A (BMD P + VO)	NORTHERN VIRGINIA
146756	47353	202408	06	6041-2024-33 WM	SM-12.5E (50 gyration)	FREDERICKSBURG
147810	46834	202412	09	9027-2024-80WM	SM-9.5D (50 gyration)	NORTHERN VIRGINIA
146689	47023	1	04	4009-2433	SM-12.5E (50 gyration)	RICHMOND
147787	48034	202402	09	9007-2024-95DBMD	SM-9.5D (BMD P + VO)	NORTHERN VIRGINIA
146725	48283	2	05	5009-2024-32BMD	SM-12.5A (BMD P + VO)	HAMPTON ROADS
147785	47574	202409	09	9038-2024-95ABMD	SM-9.5A (BMD P + VO)	NORTHERN VIRGINIA
147825	48077	202401	02	2024-2024-143	SM-9.5D (50 gyration)	SALEM
146404	48177	202402	07	7016-2024-33 (BMD P+VO)	SM-12.5A (BMD P + VO)	CULPEPER
146740	47745	6	05	5044-2024-32WM	SM-12.5D (50 gyration)	HAMPTON ROADS
146476	47508	1	04	4015-2432	SM-12.5D (50 gyration)	RICHMOND
146775	48507	2	04	4063-2432 BMD	SM-12.5D (BMD P + VO)	RICHMOND
147801	48127	1	08	8046-2024-61	SM-9.5D (50 gyration)	STAUNTON
146710	46987	2	08	8045-2024-158	SM-12.5D (BMD P + VO)	STAUNTON
146779	47835	202401	02	2065-2024-243	SM-19.0D (50)	SALEM
147779	46834	202411	09	9027-2024-80WM	SM-9.5D (50 gyration)	NORTHERN VIRGINIA
146253	47074	1	04	4043-2432 BMD	SM-12.5D (BMD P + VO)	RICHMOND
146735	47746	7	04	4062-2432 BMD	SM-12.5D (BMD P + VO)	RICHMOND
146568	47785	1	05	5044-2024-25	SM-9.5D (50 gyration)	HAMPTON ROADS
146682	48034	202401	09	9007-2024-95DBMD	SM-9.5D (BMD P + VO)	NORTHERN VIRGINIA
146671	48049	202403	02	2009-2024-433	SM-9.5A (BMD P + VO)	SALEM
147789	48102	1	05	5012-2024-02	SM-9.5D (50 gyration)	HAMPTON ROADS
146723	47569	202404	09	9005-2024-95ABMD	SM-9.5A (BMD P + VO)	NORTHERN VIRGINIA
146724	48197	202402	06	6011-2024-31 WM BMD	SM-12.5A (BMD P + VO)	FREDERICKSBURG
146655	47726	202404	02	2065-2024-433	SM-9.5A (BMD P + VO)	SALEM
146639	48305	1	04	4056-24932 BMD	SM-12.5D (BMD P + VO)	RICHMOND
146745	46939	1	08	8039-2024-5125 BMD	SM-9.5AL (BMD P+ VO)	STAUNTON
146759	47574	202408	09	9038-2024-95ABMD	SM-9.5A (BMD P + VO)	NORTHERN VIRGINIA
146760	46834	202410	09	9027-2024-80WM	SM-9.5D (50 gyration)	NORTHERN VIRGINIA
146635	47885	202401	09	9062-2024-95DBMD	SM-9.5D (BMD P + VO)	NORTHERN VIRGINIA
146700	48040	202405	01	1086-2024-72	SM-19.0A (50)	BRISTOL
145996	46943	202401	02	2072-2024-133	SM-9.5A (50 gyration)	SALEM
146684	48213	202404	02	2068-2024-433	SM-9.5A (BMD P + VO)	SALEM
146704	48507	1	04	4063-2432 BMD	SM-12.5D (BMD P + VO)	RICHMOND
146508	48003	202401	01	1058-2024-38	SM-12.5E (50 gyration)	BRISTOL
146669	46955	202404	01	1007-2024-27	SM-12.5A (50 gyration)	BRISTOL
146748	47570	202402	09	9005-2024-95DBMD	SM-9.5D (BMD P + VO)	NORTHERN VIRGINIA
146549	48175	202402	07	7016-2024-23 (BMD P +VO)	SM-9.5A (BMD P + VO)	CULPEPER
146680	47828	202405	09	9013-2024-95ABMD	SM-9.5A (BMD P + VO)	NORTHERN VIRGINIA
146695	47820	202406	09	9035-2024-95ABMD	SM-9.5A (BMD P + VO)	NORTHERN VIRGINIA
146755	46942	2	08	8052-2024-154	SM-9.5D (BMD P + VO)	STAUNTON
146753	48354	1	04	4053-2425	SM-9.5D (50 gyration)	RICHMOND
146717	47353	202407	06	6041-2024-33 WM	SM-12.5E (50 gyration)	FREDERICKSBURG
146746	46902	202401	06	6018-2024-25 WM	SM-9.5D (50 gyration)	FREDERICKSBURG
146370	46942	1	08	8052-2024-154	SM-9.5D (BMD P + VO)	STAUNTON
146523	47390	1	04	4053-2433	SM-12.5E (50 gyration)	RICHMOND
146569	48374	202401	03	3008-2024-42	SM-9.5A (50 gyration)	LYNCHBURG
146251	47177	202402	06	6047-2024-31	SM-12.5A (50 gyration)	FREDERICKSBURG
146596	47765	202402	02	2009-2024-443	SM-9.5D (BMD P + VO)	SALEM
146356	47509	1	04	4015-2433	SM-12.5E (50 gyration)	RICHMOND
146686	47974	202401	01	1029-2024-27	SM-12.5A (50 gyration)	BRISTOL
146691	47574	202407	09	9038-2024-95ABMD	SM-9.5A (BMD P + VO)	NORTHERN VIRGINIA
146758	47996	202401	01	1058-2024-27	SM-12.5A (50 gyration)	BRISTOL
146716	46834	202409	09	9027-2024-80WM	SM-9.5D (50 gyration)	NORTHERN VIRGINIA
146643	47745	5	05	5044-2024-32WM	SM-12.5D (50 gyration)	HAMPTON ROADS
146747	48377	202401	03	3008-2024-27	SM-12.5A (50 gyration)	LYNCHBURG
146289	47027	1	04	4052-24918	SM-9.0A (50 gyration)	RICHMOND
146652	46978	1	04	4052-24933	SM-12.5E (50 gyration)	RICHMOND
146539	47728	202404	02	2025-2024-433	SM-9.5A (BMD P + VO)	SALEM
146715	47746	6	04	4062-2432 BMD	SM-12.5D (BMD P + VO)	RICHMOND
146739	47702	202401	02	2025-2024-143	SM-9.5D (50 gyration)	SALEM
146667	47353	202406	06	6041-2024-33 WM	SM-12.5E (50 gyration)	FREDERICKSBURG
146719	47317	2	04	4043-2424 BMD	SM-9.5A (BMD P + VO)	RICHMOND
146749	48375	202401	03	3008-2024-48	SM-9.5D (50 gyration)	LYNCHBURG
146318	47317	1	04	4043-2424 BMD	SM-9.5A (BMD P + VO)	RICHMOND
146625	47569	202403	09	9005-2024-95ABMD	SM-9.5A (BMD P + VO)	NORTHERN VIRGINIA
146688	47746	5	04	4062-2432 BMD	SM-12.5D (BMD P + VO)	RICHMOND
146616	48197	202401	06	6011-2024-31 WM BMD	SM-12.5A (BMD P + VO)	FREDERICKSBURG
146696	47570	202401	09	9005-2024-95DBMD	SM-9.5D (BMD P + VO)	NORTHERN VIRGINIA
146609	48335	202401	07	7016-2024-13	SM-9.0A (50 gyration)	CULPEPER
146411	46987	1	08	8045-2024-158	SM-12.5D (BMD P + VO)	STAUNTON
146731	48335	202402	07	7016-2024-13	SM-9.0A (50 gyration)	CULPEPER
146674	46834	202408	09	9027-2024-80WM	SM-9.5D (50 gyration)	NORTHERN VIRGINIA
146583	48234	1	04	4042-2425 BMD	SM-9.5D (BMD P + VO)	RICHMOND
146584	48283	1	05	5009-2024-32BMD	SM-12.5A (BMD P + VO)	HAMPTON ROADS
146561	47663	1	08	8060-2024-35	SM-12.5D (50 gyration)	STAUNTON
146642	47557	202403	09	9011-2024-95ABMD	SM-9.5A (BMD P + VO)	NORTHERN VIRGINIA
146575	47820	202405	09	9035-2024-95ABMD	SM-9.5A (BMD P + VO)	NORTHERN VIRGINIA
146666	48040	202404	01	1086-2024-72	SM-19.0A (50)	BRISTOL
146601	48213	202403	02	2068-2024-433	SM-9.5A (BMD P + VO)	SALEM
146694	47167	1	04	4043-2433	SM-12.5E (50 gyration)	RICHMOND
146550	47574	202406	09	9038-2024-95ABMD	SM-9.5A (BMD P + VO)	NORTHERN VIRGINIA
146619	47746	4	04	4062-2432 BMD	SM-12.5D (BMD P + VO)	RICHMOND
146712	47824	202401	09	9038-2024-125DBMD	SM-12.5D (BMD P + VO)	NORTHERN VIRGINIA
146581	48008	202402	06	6041-2024-32 WM BMD	SM-12.5D (BMD P + VO)	FREDERICKSBURG
146582	47828	202404	09	9013-2024-95ABMD	SM-9.5A (BMD P + VO)	NORTHERN VIRGINIA
146665	48230	3	04	4009-2424 BMD	SM-9.5A (BMD P + VO)	RICHMOND
146621	47353	202405	06	6041-2024-33 WM	SM-12.5E (50 gyration)	FREDERICKSBURG
146310	47512	1	04	4015-2425	SM-9.5D (50 gyration)	RICHMOND
146159	46823	202401	09	9002-2024-80WM	SM-9.5D (50 gyration)	NORTHERN VIRGINIA
146662	48106	1	05	5011-2024-04	SM-12.5A (50 gyration)	HAMPTON ROADS
146595	48049	202402	02	2009-2024-433	SM-9.5A (BMD P + VO)	SALEM
146672	48488	202401	09	9006-2024-95ABMD	SM-9.5A (BMD P + VO)	NORTHERN VIRGINIA
146506	47458	202401	07	7034-2024-26 (BMD P + VO)	SM-9.5D (BMD P + VO)	CULPEPER
146562	47456	202403	07	7034-2024-23 (BMD P +VO)	SM-9.5A (BMD P + VO)	CULPEPER
146532	48230	2	04	4009-2424 BMD	SM-9.5A (BMD P + VO)	RICHMOND
146623	46955	202403	01	1007-2024-27	SM-12.5A (50 gyration)	BRISTOL
146679	48352	1	04	4053-2424	SM-9.5A (50 gyration)	RICHMOND
146618	48040	202403	01	1086-2024-72	SM-19.0A (50)	BRISTOL
146636	46834	202407	09	9027-2024-80WM	SM-9.5D (50 gyration)	NORTHERN VIRGINIA
146250	47325	1	05	5029-2024-05	SM-12.5D (50 gyration)	HAMPTON ROADS
146120	47091	1	04	4043-2424	SM-9.5A (50 gyration)	RICHMOND
146456	47743	4	04	4062- 2431 BMD	SM-12.5A (BMD P + VO)	RICHMOND
146594	48033	202407	09	9007-2024-95ABMD	SM-9.5A (BMD P + VO)	NORTHERN VIRGINIA
146526	47726	202403	02	2065-2024-433	SM-9.5A (BMD P + VO)	SALEM
146505	48132	1	04	4062-2424 BMD	SM-9.5A (BMD P + VO)	RICHMOND
146591	47365	4	08	8036-2024-158	SM-12.5D (BMD P + VO)	STAUNTON
146527	47745	4	05	5044-2024-32WM	SM-12.5D (50 gyration)	HAMPTON ROADS
146631	47943	202401	01	1048-2024-27	SM-12.5A (50 gyration)	BRISTOL
146617	47264	1	04	4052-24924 BMD	SM-9.5A (BMD P + VO)	RICHMOND
146573	47557	202402	09	9011-2024-95ABMD	SM-9.5A (BMD P + VO)	NORTHERN VIRGINIA
146242	47915	202401	06	6041-2024-24 WM	SM-9.5A (50 gyration)	FREDERICKSBURG
146571	47353	202404	06	6041-2024-33 WM	SM-12.5E (50 gyration)	FREDERICKSBURG
146560	46834	202406	09	9027-2024-80WM	SM-9.5D (50 gyration)	NORTHERN VIRGINIA
146622	47391	2	04	4053-24933	SM-12.5E (50 gyration)	RICHMOND
146590	48367	1	05	5046-2024-32	SM-12.5D (50 gyration)	HAMPTON ROADS
146349	47662	1	08	8060-2024-34	SM-12.5A (50 gyration)	STAUNTON
146169	47313	1	04	4042-2424	SM-9.5A (50 gyration)	RICHMOND
146548	48248	202401	02	2002-2024-113	SM-9.0A (50 gyration)	SALEM
146541	47746	3	04	4062-2432 BMD	SM-12.5D (BMD P + VO)	RICHMOND
146529	47569	202402	09	9005-2024-95ABMD	SM-9.5A (BMD P + VO)	NORTHERN VIRGINIA
146528	46955	202402	01	1007-2024-27	SM-12.5A (50 gyration)	BRISTOL
146540	48040	202402	01	1086-2024-72	SM-19.0A (50)	BRISTOL
146433	47391	1	04	4053-24933	SM-12.5E (50 gyration)	RICHMOND
146599	46970	1	08	8039-2024-6625 BMD	SM-12.5D (BMD P + VO)	STAUNTON
146446	48049	202401	02	2009-2024-433	SM-9.5A (BMD P + VO)	SALEM
146454	47765	202401	02	2009-2024-443	SM-9.5D (BMD P + VO)	SALEM
146464	48213	202402	02	2068-2024-433	SM-9.5A (BMD P + VO)	SALEM
146554	48033	202406	09	9007-2024-95ABMD	SM-9.5A (BMD P + VO)	NORTHERN VIRGINIA
146535	47365	3	08	8036-2024-158	SM-12.5D (BMD P + VO)	STAUNTON
146450	47361	1	04	4052-24932 BMD	SM-12.5D (BMD P + VO)	RICHMOND
146493	48439	202401	02	2018-2024-143	SM-9.5D (50 gyration)	SALEM
146557	47402	4	04	4056-24918	SM-9.0A (50 gyration)	RICHMOND
146576	46928	202401	09	9010-2024-02WM	SM-9.0A (50 gyration)	NORTHERN VIRGINIA
146566	47525	202402	06	6047-2024-32 BMD	SM-12.5D (BMD P + VO)	FREDERICKSBURG
146512	47828	202403	09	9013-2024-95ABMD	SM-9.5A (BMD P + VO)	NORTHERN VIRGINIA
146531	47802	202402	07	7024-2024-32 (BMD P+VO)	SM-12.5A (BMD P + VO)	CULPEPER
146498	48008	202401	06	6041-2024-32 WM BMD	SM-12.5D (BMD P + VO)	FREDERICKSBURG
146588	48318	202401	07	7017-2024-32 (BMD P+VO)	SM-12.5A (BMD P + VO)	CULPEPER
146592	47802	202403	07	7024-2024-32 (BMD P+VO)	SM-12.5A (BMD P + VO)	CULPEPER
146542	47353	202403	06	6041-2024-33 WM	SM-12.5E (50 gyration)	FREDERICKSBURG
146502	47694	1	04	4054-24932 BMD	SM-12.5D (BMD P + VO)	RICHMOND
146399	47820	202404	09	9035-2024-95ABMD	SM-9.5A (BMD P + VO)	NORTHERN VIRGINIA
146458	47725	202402	02	2065-2024-443	SM-9.5D (BMD P + VO)	SALEM
146544	46799	1	04	4042-2418	SM-9.0A (50 gyration)	RICHMOND
146174	47088	1	04	4052-24931	SM-12.5A (50 gyration)	RICHMOND
146533	47362	1	04	4052-24931 BMD	SM-12.5A (BMD P + VO)	RICHMOND
146467	47557	202401	09	9011-2024-95ABMD	SM-9.5A (BMD P + VO)	NORTHERN VIRGINIA
146442	47419	202401	09	9007-2024-78WM	SM-9.5A (50 gyration)	NORTHERN VIRGINIA
146451	47408	202401	02	2016-2024-443	SM-9.5D (BMD P + VO)	SALEM
146520	47525	202401	06	6047-2024-32 BMD	SM-12.5D (BMD P + VO)	FREDERICKSBURG
146302	47299	1	04	4054-2433	SM-12.5E (50 gyration)	RICHMOND
146482	48033	202405	09	9007-2024-95ABMD	SM-9.5A (BMD P + VO)	NORTHERN VIRGINIA
146565	48337	1	08	8046-2024-59	SM-9.5AL (50 gyrations)	STAUNTON
146327	47456	202402	07	7034-2024-23 (BMD P +VO)	SM-9.5A (BMD P + VO)	CULPEPER
146395	47402	3	04	4056-24918	SM-9.0A (50 gyration)	RICHMOND
146481	47353	202402	06	6041-2024-33 WM	SM-12.5E (50 gyration)	FREDERICKSBURG
146507	46834	202405	09	9027-2024-80WM	SM-9.5D (50 gyration)	NORTHERN VIRGINIA
146293	47746	2	04	4062-2432 BMD	SM-12.5D (BMD P + VO)	RICHMOND
146229	47311	202401	09	9038-2024-78WM	SM-9.5A (50 gyration)	NORTHERN VIRGINIA
146396	47728	202403	02	2025-2024-433	SM-9.5A (BMD P + VO)	SALEM
146448	47569	202401	09	9005-2024-95ABMD	SM-9.5A (BMD P + VO)	NORTHERN VIRGINIA
146460	47574	202405	09	9038-2024-95ABMD	SM-9.5A (BMD P + VO)	NORTHERN VIRGINIA
146219	47912	202401	06	6007-2024-31 WM	SM-12.5A (50 gyration)	FREDERICKSBURG
146258	48175	202401	07	7016-2024-23 (BMD P +VO)	SM-9.5A (BMD P + VO)	CULPEPER
146279	48171	202401	07	7017-2024-22R (BMD P+VO)	SM-9.5A (BMD P + VO)	CULPEPER
146373	48110	202401	07	7004-2024-23 BMD (P+VO)	SM-9.5A (BMD P + VO)	CULPEPER
146440	48230	1	04	4009-2424 BMD	SM-9.5A (BMD P + VO)	RICHMOND
146455	47365	2	08	8036-2024-158	SM-12.5D (BMD P + VO)	STAUNTON
146422	48040	202401	01	1086-2024-72	SM-19.0A (50)	BRISTOL
146462	47745	3	05	5044-2024-32WM	SM-12.5D (50 gyration)	HAMPTON ROADS
146406	47726	202402	02	2065-2024-433	SM-9.5A (BMD P + VO)	SALEM
146427	47625	1	08	8040-2024-66	SM-12.5A (50 gyration)	STAUNTON
146504	48433	202401	07	7034-2024-13	SM-9.0A (50 gyration)	CULPEPER
146217	47913	202401	06	6007-2024-24 WM 	SM-9.5A (50 gyration)	FREDERICKSBURG
146366	47802	202401	07	7024-2024-32 (BMD P+VO)	SM-12.5A (BMD P + VO)	CULPEPER
146459	47828	202402	09	9013-2024-95ABMD	SM-9.5A (BMD P + VO)	NORTHERN VIRGINIA
146515	46871	1	09	9064-2024-78WM	SM-9.5A (50 gyration)	NORTHERN VIRGINIA
146489	48400	202401	02	2009-2024-243	SM-12.5D (50 gyration)	SALEM
146220	47717	1	04	4054-2424 BMD	SM-9.5A (BMD P + VO)	RICHMOND
146488	46853	202401	09	9005-2024-86WM	SM-12.5D (50 gyration)	NORTHERN VIRGINIA
146453	48150	1	04	4009-2431 BMD	SM-12.5A (BMD P + VO)	RICHMOND
146461	46834	202404	09	9027-2024-80WM	SM-9.5D (50 gyration)	NORTHERN VIRGINIA
146441	47353	202401	06	6041-2024-33 WM	SM-12.5E (50 gyration)	FREDERICKSBURG
146479	47819	202402	09	9035-2024-95DBMD	SM-9.5D (BMD P + VO)	NORTHERN VIRGINIA
146452	48033	202404	09	9007-2024-95ABMD	SM-9.5A (BMD P + VO)	NORTHERN VIRGINIA
146465	48139	2	04	4062-24924 BMD	SM-9.5A (BMD P + VO)	RICHMOND
146518	48186	202401	02	2002-2024-163	SM-9.5AL (BMD P+ VO)	SALEM
146477	48170	202402	07	7017-2024-26R (BMD P+VO)	SM-9.5D (BMD P + VO)	CULPEPER
146329	47819	202401	09	9035-2024-95DBMD	SM-9.5D (BMD P + VO)	NORTHERN VIRGINIA
146340	48213	202401	02	2068-2024-433	SM-9.5A (BMD P + VO)	SALEM
146331	48139	1	04	4062-24924 BMD	SM-9.5A (BMD P + VO)	RICHMOND
146326	48170	202401	07	7017-2024-26R (BMD P+VO)	SM-9.5D (BMD P + VO)	CULPEPER
146420	47745	2	05	5044-2024-32WM	SM-12.5D (50 gyration)	HAMPTON ROADS
146414	46834	202403	09	9027-2024-80WM	SM-9.5D (50 gyration)	NORTHERN VIRGINIA
146307	47725	202401	02	2065-2024-443	SM-9.5D (BMD P + VO)	SALEM
146405	47743	3	04	4062- 2431 BMD	SM-12.5A (BMD P + VO)	RICHMOND
146403	48033	202403	09	9007-2024-95ABMD	SM-9.5A (BMD P + VO)	NORTHERN VIRGINIA
146391	47365	1	08	8036-2024-158	SM-12.5D (BMD P + VO)	STAUNTON
146394	47574	202404	09	9038-2024-95ABMD	SM-9.5A (BMD P + VO)	NORTHERN VIRGINIA
146371	47828	202401	09	9013-2024-95ABMD	SM-9.5A (BMD P + VO)	NORTHERN VIRGINIA
146436	48231	1	04	4009-2425 BMD	SM-9.5D (BMD P + VO)	RICHMOND
144866	44352	1	05	5044-2023-31	SM-12.5A (50 gyration)	HAMPTON ROADS
146444	46883	202401	09	9011-2024-88WM	SM-12.5E (50 gyration)	NORTHERN VIRGINIA
146369	47721	2	04	4054-24925 BMD	SM-9.5D (BMD P + VO)	RICHMOND
146353	46938	1	08	8052-2024-152	SM-12.5D (BMD P + VO)	STAUNTON
146325	48169	202401	07	7017-2024-23R (BMD P+VO)	SM-9.5A (BMD P + VO)	CULPEPER
143864	44359	1	05	5044-2023-24	SM-9.5A (50 gyration)	HAMPTON ROADS
146303	47745	1	05	5044-2024-32WM	SM-12.5D (50 gyration)	HAMPTON ROADS
146378	46834	202402	09	9027-2024-80WM	SM-9.5D (50 gyration)	NORTHERN VIRGINIA
146402	47085	1	04	4043-2432	SM-12.5D (50 gyration)	RICHMOND
146306	47726	202401	02	2065-2024-433	SM-9.5A (BMD P + VO)	SALEM
146345	47743	2	04	4062- 2431 BMD	SM-12.5A (BMD P + VO)	RICHMOND
146363	48033	202402	09	9007-2024-95ABMD	SM-9.5A (BMD P + VO)	NORTHERN VIRGINIA
146305	47820	202403	09	9035-2024-95ABMD	SM-9.5A (BMD P + VO)	NORTHERN VIRGINIA
146324	48177	202401	07	7016-2024-33 (BMD P+VO)	SM-12.5A (BMD P + VO)	CULPEPER
145975	46850	202401	09	9005-2024-78WM	SM-9.5A (50 gyration)	NORTHERN VIRGINIA
146282	47402	2	04	4056-24918	SM-9.0A (50 gyration)	RICHMOND
146297	47728	202402	02	2025-2024-433	SM-9.5A (BMD P + VO)	SALEM
146374	47574	202403	09	9038-2024-95ABMD	SM-9.5A (BMD P + VO)	NORTHERN VIRGINIA
143894	44065	1	05	5046-2023-24	SM-9.5A (50 gyration)	HAMPTON ROADS
146418	48259	202401	02	2068-2024-133	SM-9.5A (50 gyration)	SALEM
146379	47068	1	08	8052-2024-158	SM-9.5AL (BMD P+ VO)	STAUNTON
146408	47727	202401	02	2025-2024-443	SM-9.5D (BMD P + VO)	SALEM
146384	47259	202401	09	9013-2024-80WM	SM-9.5D (50 gyration)	NORTHERN VIRGINIA
146386	46994	202401	09	9027-2024-88WM	SM-12.5E (50 gyration)	NORTHERN VIRGINIA
146314	47721	1	04	4054-24925 BMD	SM-9.5D (BMD P + VO)	RICHMOND
146275	46919	1	05	5005-2024-01	SM-9.5A (50 gyration)	HAMPTON ROADS
146333	47574	202402	09	9038-2024-95ABMD	SM-9.5A (BMD P + VO)	NORTHERN VIRGINIA
146019	46834	202401	09	9027-2024-80WM	SM-9.5D (50 gyration)	NORTHERN VIRGINIA
146416	48260	202401	02	2068-2024-143	SM-9.5D (50 gyration)	SALEM
143919	44360	1	05	5044-2023-25	SM-9.5D (50 gyration)	HAMPTON ROADS
146295	48033	202401	09	9007-2024-95ABMD	SM-9.5A (BMD P + VO)	NORTHERN VIRGINIA
146321	48087	202401	07	7028-2024-23 BMD P+VO	SM-9.5A (BMD P + VO)	CULPEPER
146359	48287	2	04	4054-24932	SM-12.5D (50 gyration)	RICHMOND
146332	48287	1	04	4054-24932	SM-12.5D (50 gyration)	RICHMOND
146065	46955	202401	01	1007-2024-27	SM-12.5A (50 gyration)	BRISTOL
146269	47743	1	04	4062- 2431 BMD	SM-12.5A (BMD P + VO)	RICHMOND
146339	44066	1	05	5046-2023-25	SM-9.5D (50 gyration)	HAMPTON ROADS
146247	47574	202401	09	9038-2024-95ABMD	SM-9.5A (BMD P + VO)	NORTHERN VIRGINIA
146280	47456	202401	07	7034-2024-23 (BMD P +VO)	SM-9.5A (BMD P + VO)	CULPEPER
146233	47597	1	04	4062-24932	SM-12.5D (50 gyration)	RICHMOND
146033	46844	202401	06	6007-2024-24 WM II Temp	SM-9.5A (50 gyration)	FREDERICKSBURG
146316	47432	202401	09	9007-2024-80WM	SM-9.5D (50 gyration)	NORTHERN VIRGINIA
146413	44377	3	05	5011-2023-01	SM-9.5A (50 gyration)	HAMPTON ROADS
146320	48135	1	04	4062-2424	SM-9.5A (50 gyration)	RICHMOND
146263	47820	202402	09	9035-2024-95ABMD	SM-9.5A (BMD P + VO)	NORTHERN VIRGINIA
146256	47575	202401	09	9038-2024-95DBMD	SM-9.5D (BMD P + VO)	NORTHERN VIRGINIA
146301	48236	202401	07	7016-2024-28	SM-9.5E (50 gyration)	CULPEPER
146254	47746	1	04	4062-2432 BMD	SM-12.5D (BMD P + VO)	RICHMOND
146236	47718	2	04	4054-24924 BMD	SM-9.5A (BMD P + VO)	RICHMOND
146195	47402	1	04	4056-24918	SM-9.0A (50 gyration)	RICHMOND
146237	47728	202401	02	2025-2024-433	SM-9.5A (BMD P + VO)	SALEM
146276	47017	1	04	4009-2425	SM-9.5D (50 gyration)	RICHMOND
146230	47820	202401	09	9035-2024-95ABMD	SM-9.5A (BMD P + VO)	NORTHERN VIRGINIA
146252	47192	202401	06	6047-2024-25	SM-9.5D (50 gyration)	FREDERICKSBURG
146224	47177	202401	06	6047-2024-31	SM-12.5A (50 gyration)	FREDERICKSBURG
146241	48148	202401	06	6007-2024-32 WM II Temp	SM-12.5D (50 gyration)	FREDERICKSBURG
146191	47718	1	04	4054-24924 BMD	SM-9.5A (BMD P + VO)	RICHMOND
146398	48325	202401	09	9006-2024-78WM	SM-9.5A (50 gyration)	NORTHERN VIRGINIA
146202	47854	202401	06	6007-2024-24 Virgin	SM-9.5A (50 gyration)	FREDERICKSBURG
146337	48028	1	04	4054-2432	SM-12.5D (50 gyration)	RICHMOND
146083	44063	1	05	5046-2023-31	SM-12.5A (50 gyration)	HAMPTON ROADS
146152	47199	1	04	4043-2418	SM-9.0A (50 gyration)	RICHMOND
146167	47332	202401	02	2066-2024-161	SM-9.5AL (50 gyrations)	SALEM
146134	46871	202401	09	9064-2024-78WM	SM-9.5A (50 gyration)	NORTHERN VIRGINIA
146131	47547	1	05	5008-2024-03WM	SM-12.5A (50 gyration)	HAMPTON ROADS
141441	45056	1	08	8014-2023-5100	SM-9.5AL (50 gyrations)	STAUNTON
146424	48296	1	04	4053-2432	SM-12.5D (50 gyration)	RICHMOND
145509	44353	1	05	5044-2023-32	SM-12.5D (50 gyration)	HAMPTON ROADS
146165	44335	12024	02	2066-2023-161	SM-9.5AL (50 gyrations)	SALEM
146052	47072	1	09	9033-2024-80	SM-9.5D (50 gyration)	NORTHERN VIRGINIA
146027	46951	202401	09	9036-2024-86	SM-12.5D (50 gyration)	NORTHERN VIRGINIA
145134	44788	2	05	5005-2023-14	SM-12.5D (50 gyration)	HAMPTON ROADS
145962	46931	202401	06	6041-2024-31 Temp	SM-12.5A (50 gyration)	FREDERICKSBURG
144782	43928	2	08	8051-2023-50H	SM-9.5AL (50 gyrations)	STAUNTON
145964	46926	202401	06	6041-2024-24-Temp.	SM-9.5A (50 gyration)	FREDERICKSBURG
